{"train/loss": 10.5331, "train/learning_rate": 4e-08, "train/epoch": 0.0, "train/global_step": 2, "_timestamp": 1711738535.678709, "_runtime": 47.27902412414551, "_step": 1, "_wandb": {"runtime": 57}}