{"train/loss": 3.0258, "train/learning_rate": 0.0, "train/epoch": 1.2, "train/global_step": 8086, "_timestamp": 1711854318.4551687, "_runtime": 31113.04129266739, "_step": 8086, "train/train_runtime": 31106.8722, "train/train_samples_per_second": 532.352, "train/train_steps_per_second": 0.26, "train/total_flos": 1.6091912576935526e+18, "train/train_loss": 3.520637128926904, "_wandb": {"runtime": 31112}}