{"train/loss": 10.4162, "train/learning_rate": 1.9e-06, "train/epoch": 0.0, "train/global_step": 95, "_timestamp": 1711738472.8962562, "_runtime": 36.1172411441803, "_step": 94, "_wandb": {"runtime": 36}}