{"train/loss": 10.4705, "train/learning_rate": 4.000000000000001e-06, "train/epoch": 0.0, "train/global_step": 20, "_timestamp": 1711822971.1279252, "_runtime": 48.02906107902527, "_step": 19, "_wandb": {"runtime": 49}}